id,supplier_name
1,Cummerata LLC
2,"Dicki, Murazik and Greenholt"
3,"White, Mante and Graham"
4,Yost-Grady
5,Keebler and Sons
6,Hamill-Johns
7,Spinka-Braun
8,"Fahey, Abshire and Beahan"
9,Robel Inc
10,Schaden-McKenzie
11,Jast-Mosciski
12,Farrell and Sons
13,Beahan-Predovic
14,"Bosco, Abernathy and Haley"
15,"Mertz, Daniel and Wolff"
16,"Blick, Kutch and Johnston"
17,Hammes and Sons
18,Osinski-Heaney
19,Blanda LLC
20,"Lind, Greenholt and Frami"
21,"Dooley, Emmerich and Waelchi"
22,Jakubowski Inc
23,Collier-O'Kon
24,Donnelly-Lang
25,Gutkowski and Sons
26,"Sipes, Smith and O'Connell"
27,"McCullough, Vandervort and Nienow"
28,Yundt Group
29,"Stokes, Stoltenberg and Hoeger"
30,Nitzsche-Shanahan
31,"Spinka, Schimmel and Leannon"
32,Jerde-Kemmer
33,Kuhlman and Sons
34,"Stroman, Hilll and Simonis"
35,Willms Inc
36,"Klocko, Tromp and Braun"
37,"Daugherty, Reynolds and Heaney"
38,Upton-Bernier
39,Cole LLC
40,Ernser Inc
41,"Schuppe, Buckridge and Smitham"
42,Murphy-Donnelly
43,Purdy-Bartoletti
44,"Boehm, Robel and Rosenbaum"
45,Torphy-Dach
46,Koch-Dach
47,"Doyle, Skiles and Muller"
48,Sporer LLC
49,Weissnat LLC
50,White-Friesen
51,"Little, Murazik and Hickle"
52,"Tillman, Anderson and Bode"
53,Watsica Group
54,Keebler-Moen
55,"Fahey, Haley and Crist"
56,Schulist-Schuster
57,Effertz-Miller
58,Baumbach-Keebler
59,Herman and Sons
60,"Kreiger, Simonis and Jakubowski"
61,Beer and Sons
62,O'Conner-Lynch
63,"Howe, Hammes and Hintz"
64,"Stiedemann, Dickinson and Torp"
65,Mertz-McCullough
66,Mann Inc
67,"Stoltenberg, Schoen and Jerde"
68,Fahey LLC
69,"Hilll, Hartmann and Reinger"
70,"Flatley, Marks and Walter"
71,Kunde-Beier
72,Jerde-DuBuque
73,Hahn Group
74,Heaney and Sons
75,"Howell, Wiegand and Schulist"
76,"Ferry, Senger and Lueilwitz"
77,Leuschke-Champlin
78,White-Fay
79,Runolfsson-Flatley
80,Davis-Romaguera
81,Batz Inc
82,Schamberger-Stamm
83,Watsica and Sons
84,Jerde LLC
85,Reynolds and Sons
86,Lang Group
87,Moen-Hand
88,Grimes and Sons
89,Quitzon Inc
90,Torphy Inc
91,"Connelly, Kunze and Hudson"
92,Dickinson Inc
93,"Hegmann, Kihn and Russel"
94,Streich-Mayert
95,Goldner-Barrows
96,"Olson, Waters and Konopelski"
97,Reynolds-Purdy
98,"Pfannerstill, Collins and Olson"
99,"Wilderman, Hirthe and Mayert"
100,"Frami, Johnston and Kunze"
101,Ward-Berge
102,Farrell Inc
103,"Lubowitz, Considine and Prohaska"
104,Will-Stamm
105,Kassulke Inc
106,Miller Inc
107,"Steuber, Wehner and Heidenreich"
108,Price-Weissnat
109,O'Conner Inc
110,"Grant, Crist and Schmeler"
111,"Stamm, Rippin and Mann"
112,Dooley Inc
113,Dietrich LLC
114,Goodwin-Pfannerstill
115,"Schamberger, Weissnat and Raynor"
116,Kuhic and Sons
117,Hackett-Gerlach
118,Wiegand-Bailey
119,"Christiansen, Torp and Goyette"
120,"Reichert, Hoeger and Barton"
121,Hauck Group
122,Goldner-Weissnat
123,Grady-Homenick
124,Ferry Group
125,Volkman Group
126,Marvin-Auer
127,White-Anderson
128,Runte-Brakus
129,Gutmann and Sons
130,"Kuphal, Hayes and Goodwin"
131,"Kuhlman, Wilkinson and Bogan"
132,"Aufderhar, Orn and Deckow"
133,"Lind, Hilll and Rau"
134,"Lang, Keeling and Larson"
135,Bogan LLC
136,"Tromp, Larkin and Skiles"
137,Treutel-Kuhn
138,Price-Schulist
139,Collier Inc
140,Ritchie-Greenfelder
141,Huels LLC
142,Davis-Herzog
143,"Schamberger, Buckridge and Conn"
144,Lesch and Sons
145,Stroman and Sons
146,Sporer Group
147,Ernser-Jakubowski
148,"Gleason, Bahringer and Murazik"
149,Pacocha-Renner
150,Torphy and Sons
151,Howell-Pfannerstill
152,Hammes and Sons
153,McDermott-Funk
154,Casper LLC
155,Schmeler Group
156,Sporer-Zboncak
157,Mante-Cole
158,Rau-Muller
159,Hirthe-Jaskolski
160,Pacocha LLC
161,Weber-Tillman
162,Marks and Sons
163,"Gulgowski, Will and Kassulke"
164,Rippin-Zemlak
165,Fisher-Weimann
166,Tremblay-Johns
167,"Schroeder, Jast and Sawayn"
168,Balistreri LLC
169,Waelchi-Harvey
170,Buckridge-Schmeler
171,Romaguera-Nikolaus
172,"Doyle, Prosacco and Mitchell"
173,Rempel LLC
174,"McDermott, Kuhlman and Barton"
175,"Ryan, Kirlin and Stracke"
176,"Harris, Murazik and Kuhn"
177,"Green, Sipes and Larkin"
178,"Jacobson, Crona and Kohler"
179,"Fadel, Doyle and Mante"
180,VonRueden Group
181,"Kessler, Kshlerin and Rau"
182,"Cummings, Moore and Rolfson"
183,"Lemke, Zulauf and Gibson"
184,Steuber-Hettinger
185,"Swaniawski, Strosin and Cremin"
186,Dare-Lubowitz
187,Weimann and Sons
188,Beatty-Yundt
189,"Stanton, Medhurst and Turcotte"
190,Wunsch Group
191,"Oberbrunner, Raynor and Morissette"
192,Wisozk-Klocko
193,"Tromp, Bernhard and White"
194,Schulist LLC
195,Blanda Group
196,Hills-Daniel
197,"Emard, Bogan and Oberbrunner"
198,"Dicki, Reichel and Beer"
199,"Little, Gerlach and Schimmel"
200,"Goyette, Crona and Cormier"
